{
  "agent_run_id": "AGENT-RUN-0032",
  "axes": {
    "minimum_mass_with_transit_radius": {
      "axis_name": "minimum_mass_with_transit_radius",
      "eligible_row_count": 2,
      "overall_chen_kipping": {
        "count": 2,
        "fraction_within_factor_2": 1.0,
        "interval_68_coverage": 0.5,
        "interval_95_coverage": 1.0,
        "log10_bias": -0.15221436873853847,
        "log10_mae": 0.15221436873853847,
        "log10_rmse": 0.20772770601626744,
        "median_log10_residual": -0.15221436873853847
      },
      "overall_null": {
        "count": 2,
        "fraction_within_factor_2": 1.0,
        "interval_68_coverage": 1.0,
        "interval_95_coverage": 1.0,
        "log10_bias": 0.0,
        "log10_mae": 0.031916777103235094,
        "log10_rmse": 0.031916777103235094,
        "median_log10_residual": 0.0
      },
      "per_class_chen_kipping": {
        "neptunian": {
          "count": 2,
          "fraction_within_factor_2": 1.0,
          "interval_68_coverage": 0.5,
          "interval_95_coverage": 1.0,
          "log10_bias": -0.15221436873853847,
          "log10_mae": 0.15221436873853847,
          "log10_rmse": 0.20772770601626744,
          "median_log10_residual": -0.15221436873853847
        }
      },
      "per_class_null": {
        "neptunian": {
          "count": 2,
          "fraction_within_factor_2": 1.0,
          "interval_68_coverage": 1.0,
          "interval_95_coverage": 1.0,
          "log10_bias": 0.0,
          "log10_mae": 0.031916777103235094,
          "log10_rmse": 0.031916777103235094,
          "median_log10_residual": 0.0
        }
      },
      "per_detection_method_chen_kipping": {
        "transit": {
          "count": 2,
          "fraction_within_factor_2": 1.0,
          "interval_68_coverage": 0.5,
          "interval_95_coverage": 1.0,
          "log10_bias": -0.15221436873853847,
          "log10_mae": 0.15221436873853847,
          "log10_rmse": 0.20772770601626744,
          "median_log10_residual": -0.15221436873853847
        }
      },
      "per_detection_method_null": {
        "transit": {
          "count": 2,
          "fraction_within_factor_2": 1.0,
          "interval_68_coverage": 1.0,
          "interval_95_coverage": 1.0,
          "log10_bias": 0.0,
          "log10_mae": 0.031916777103235094,
          "log10_rmse": 0.031916777103235094,
          "median_log10_residual": 0.0
        }
      }
    },
    "true_mass_with_transit_radius": {
      "axis_name": "true_mass_with_transit_radius",
      "eligible_row_count": 1207,
      "overall_chen_kipping": {
        "count": 1207,
        "fraction_within_factor_2": 0.9444904722452361,
        "interval_68_coverage": 0.8434134217067109,
        "interval_95_coverage": 0.9444904722452361,
        "log10_bias": -0.04084365240259168,
        "log10_mae": 0.10442982096618053,
        "log10_rmse": 0.15817019267448623,
        "median_log10_residual": -0.02540307663185465
      },
      "overall_null": {
        "count": 1207,
        "fraction_within_factor_2": 0.8218724109362054,
        "interval_68_coverage": 0.7125103562551781,
        "interval_95_coverage": 0.8218724109362054,
        "log10_bias": 0.03450307095265575,
        "log10_mae": 0.16263720731641948,
        "log10_rmse": 0.2427127332813732,
        "median_log10_residual": 0.0
      },
      "per_class_chen_kipping": {
        "jovian": {
          "count": 580,
          "fraction_within_factor_2": 0.9758620689655172,
          "interval_68_coverage": 0.9379310344827586,
          "interval_95_coverage": 0.9758620689655172,
          "log10_bias": -0.018133641633864852,
          "log10_mae": 0.08022443895368986,
          "log10_rmse": 0.13093303741651874,
          "median_log10_residual": -0.00958761212169612
        },
        "neptunian": {
          "count": 588,
          "fraction_within_factor_2": 0.9149659863945578,
          "interval_68_coverage": 0.7465986394557823,
          "interval_95_coverage": 0.9149659863945578,
          "log10_bias": -0.06472254272880446,
          "log10_mae": 0.13071152514286674,
          "log10_rmse": 0.18279037426371253,
          "median_log10_residual": -0.05518168228072785
        },
        "terran": {
          "count": 39,
          "fraction_within_factor_2": 0.9230769230769231,
          "interval_68_coverage": 0.8974358974358975,
          "interval_95_coverage": 0.9230769230769231,
          "log10_bias": -0.018562081480757102,
          "log10_mae": 0.0681600648470287,
          "log10_rmse": 0.12474022445122143,
          "median_log10_residual": 0.007781633939265037
        }
      },
      "per_class_null": {
        "jovian": {
          "count": 580,
          "fraction_within_factor_2": 0.9758620689655172,
          "interval_68_coverage": 0.9396551724137931,
          "interval_95_coverage": 0.9758620689655172,
          "log10_bias": -0.010610595369473038,
          "log10_mae": 0.08109310240593372,
          "log10_rmse": 0.13065002690369387,
          "median_log10_residual": 0.0
        },
        "neptunian": {
          "count": 588,
          "fraction_within_factor_2": 0.6615646258503401,
          "interval_68_coverage": 0.47959183673469385,
          "interval_95_coverage": 0.6615646258503401,
          "log10_bias": 0.0840296117076997,
          "log10_mae": 0.2473726883025361,
          "log10_rmse": 0.32024604463059037,
          "median_log10_residual": 2.7755575615628914e-17
        },
        "terran": {
          "count": 39,
          "fraction_within_factor_2": 0.9487179487179487,
          "interval_68_coverage": 0.8461538461538461,
          "interval_95_coverage": 0.9487179487179487,
          "log10_bias": -0.041283582819937166,
          "log10_mae": 0.09779407983552232,
          "log10_rmse": 0.15188010905275304,
          "median_log10_residual": 0.0
        }
      },
      "per_detection_method_chen_kipping": {
        "transit": {
          "count": 1205,
          "fraction_within_factor_2": 0.9443983402489626,
          "interval_68_coverage": 0.8431535269709544,
          "interval_95_coverage": 0.9443983402489626,
          "log10_bias": -0.04078771184345351,
          "log10_mae": 0.10447941761627653,
          "log10_rmse": 0.15827211186110274,
          "median_log10_residual": -0.024982337436426638
        },
        "transit_timing_variation": {
          "count": 2,
          "fraction_within_factor_2": 1.0,
          "interval_68_coverage": 1.0,
          "interval_95_coverage": 1.0,
          "log10_bias": -0.07454783928333905,
          "log10_mae": 0.07454783928333905,
          "log10_rmse": 0.07474125782569375,
          "median_log10_residual": -0.07454783928333905
        }
      },
      "per_detection_method_null": {
        "transit": {
          "count": 1205,
          "fraction_within_factor_2": 0.8215767634854771,
          "interval_68_coverage": 0.7120331950207469,
          "interval_95_coverage": 0.8215767634854771,
          "log10_bias": 0.034738493087252104,
          "log10_mae": 0.1627289889631826,
          "log10_rmse": 0.24287470579004145,
          "median_log10_residual": 0.00036563429087066446
        },
        "transit_timing_variation": {
          "count": 2,
          "fraction_within_factor_2": 1.0,
          "interval_68_coverage": 1.0,
          "interval_95_coverage": 1.0,
          "log10_bias": -0.10733876514164639,
          "log10_mae": 0.10733876514164639,
          "log10_rmse": 0.10733942401184673,
          "median_log10_residual": -0.10733876514164639
        }
      }
    }
  },
  "baseline": {
    "name": "Chen-Kipping 2017 piecewise median power-law (frozen)",
    "no_new_parameters_fit": true,
    "reference": "Chen, J. & Kipping, D. M. (2017), ApJ 834, 17, DOI 10.3847/1538-4357/834/1/17",
    "segments": [
      {
        "anchor_mass_mearth": 1.0,
        "mass_lower_mearth": 0.0,
        "mass_upper_mearth": 2.04,
        "name": "terran",